CTFIPS,Average of DS_PM_pred
48085030101,8.540737705
48085030102,8.489538251
48085030201,8.678571038
48085030202,8.694907104
48085030204,8.625587432
48085030205,8.656827869
48085030206,8.684103825
48085030207,8.610612022
48085030301,8.87326776
48085030302,8.888606557
48085030303,8.898551913
48085030304,8.885989071
48085030306,8.73702459
48085030307,8.766571038
48085030403,8.961937158
48085030404,8.98973224
48085030405,9.007469945
48085030406,9.006281421
48085030407,8.992519126
48085030409,8.987368852
48085030410,8.971863388
48085030504,9.007592896
48085030505,9.015653005
48085030506,9.017565574
48085030507,9.017934426
48085030509,9.015437158
48085030510,9.004054645
48085030511,8.993920765
48085030512,8.99507377
48085030515,8.938527322
48085030516,8.957942623
48085030517,8.960300546
48085030518,8.979489071
48085030519,8.935587432
48085030520,8.956844262
48085030521,8.947579235
48085030524,8.921054645
48085030525,8.933918033
48085030529,8.945912568
48085030531,8.935177596
48085030532,9.008756831
48085030533,9.010696721
48085030534,8.928948087
48085030535,8.915106557
48085030536,8.955598361
48085030537,8.94252459
48085030538,8.946715847
48085030539,8.942325137
48085030540,8.966120219
48085030541,8.949606557
48085030542,8.979434426
48085030543,8.967786885
48085030544,8.906401639
48085030545,8.912877049
48085030546,8.913893443
48085030547,8.904562842
48085030548,8.905311475
48085030549,8.933256831
48085030550,8.929734973
48085030604,8.816254098
48085030605,8.862464481
48085030606,8.918568306
48085030607,8.888983607
48085030608,8.881773224
48085030609,8.877431694
48085030701,8.808663934
48085030702,8.839013661
48085030801,8.870833333
48085030802,8.848639344
48085030901,8.796628415
48085030902,8.799934426
48085030903,8.849726776
48085031003,8.699040984
48085031005,8.62979235
48085031006,8.640844262
48085031007,8.736431694
48085031008,8.704852459
48085031101,8.492811475
48085031102,8.519628415
48085031201,8.534491803
48085031202,8.565265027
48085031308,8.76665847
48085031314,8.813696721
48085031318,8.826027322
48085031319,8.829546448
48085031320,8.774095628
48085031321,8.740852459
48085031322,8.833931694
48085031323,8.797920765
48085031324,8.944784153
48085031325,8.946513661
48085031326,8.882155738
48085031327,8.914346995
48085031328,8.914016393
48085031329,8.883773224
48085031330,8.851415301
48085031331,8.874606557
48085031332,8.852248634
48085031333,8.914934426
48085031334,8.899811475
48085031335,8.884800546
48085031336,8.864562842
48085031408,8.887169399
48085031411,8.924330601
48085031412,8.903155738
48085031413,8.914161202
48085031414,8.896439891
48085031415,8.987713115
48085031416,8.995019126
48085031417,8.982333333
48085031418,8.95257377
48085031419,8.847177596
48085031420,8.799062842
48085031421,8.963934426
48085031422,8.959803279
48085031423,8.94939071
48085031424,8.95802459
48085031425,8.931229508
48085031504,8.921603825
48085031507,8.992382514
48085031508,8.95354918
48085031509,9.003494536
48085031510,8.986377049
48085031511,8.977631148
48085031512,8.948497268
48085031611,8.98692623
48085031613,9.005650273
48085031621,9.00970765
48085031622,8.99910929
48085031623,8.98747541
48085031624,9.003101093
48085031625,9.00613388
48085031626,9.003806011
48085031627,9.004830601
48085031628,8.995617486
48085031629,9.002653005
48085031630,9.01679235
48085031631,9.004663934
48085031632,8.996278689
48085031633,9.004846995
48085031634,9.004538251
48085031635,8.989887978
48085031636,9.010994536
48085031639,9.004759563
48085031641,9.007677596
48085031642,9.007377049
48085031643,9.007734973
48085031645,9.015336066
48085031646,9.010131148
48085031647,9.006043716
48085031649,9.011486339
48085031654,9.018863388
48085031655,9.017284153
48085031657,9.014374317
48085031659,9.016169399
48085031660,9.01452459
48085031661,9.020431694
48085031662,9.018349727
48085031663,9.015846995
48085031664,9.016773224
48085031665,8.991879781
48085031666,9.006090164
48085031667,9.015142077
48085031668,9.019210383
48085031669,9.013937158
48085031670,9.012581967
48085031671,9.019243169
48085031672,9.01573224
48085031673,9.022453552
48085031674,9.019311475
48085031675,9.01839071
48085031676,9.016259563
48085031677,9.008065574
48085031678,9.02334153
48085031679,9.016095628
48085031680,9.005639344
48085031681,9.012013661
48085031682,9.019180328
48085031704,9.007978142
48085031706,9.002043716
48085031708,9.006571038
48085031709,9.00110929
48085031711,9.003128415
48085031713,9.006248634
48085031715,9.017972678
48085031716,9.011090164
48085031717,9.012153005
48085031718,9.00134153
48085031719,8.994218579
48085031720,8.985836066
48085031721,9.004663934
48085031722,9.012030055
48085031723,9.00963388
48085031724,9.00607377
48085031806,8.987724044
48085031807,9.001737705
48085031808,8.993814208
48085031809,8.987122951
48085031810,8.98607377
48085031811,9.000095628
48085031812,8.996275956
48085031813,8.989374317
48085031814,8.982459016
48085031815,8.979188525
48085031816,8.971688525
48085031901,8.967489071
48085031902,8.977540984
48085031903,8.976396175
48085031904,8.984234973
48085032003,8.97997541
48085032008,8.972546448
48085032010,8.951748634
48085032012,8.98189071
48085032013,8.983043716
48085032014,8.979256831
48085032015,8.97073224
48085032016,8.945852459
48085032017,8.926486339
48085032018,8.96270765
48085032019,8.941726776
48113000100,8.846385246
48113000201,8.85979235
48113000202,8.862131148
48113000300,8.859224044
48113000401,8.844584699
48113000405,8.847382514
48113000407,8.841273224
48113000408,8.843188525
48113000409,8.831467213
48113000410,8.861587432
48113000501,8.845912568
48113000502,8.84810929
48113000503,8.848289617
48113000605,8.854603825
48113000606,8.860784153
48113000607,8.853486339
48113000608,8.848010929
48113000609,8.852
48113000610,8.849868852
48113000611,8.843237705
48113000703,8.852557377
48113000704,8.85647541
48113000705,8.85731694
48113000706,8.860172131
48113000801,8.855918033
48113000802,8.848584699
48113000901,8.851393443
48113000902,8.852535519
48113001001,8.852027322
48113001002,8.851349727
48113001101,8.855527322
48113001102,8.853016393
48113001202,8.840565574
48113001203,8.836620219
48113001204,8.840371585
48113001301,8.846751366
48113001302,8.844617486
48113001400,8.851084699
48113001502,8.835336066
48113001503,8.848860656
48113001504,8.848226776
48113001601,8.848724044
48113001602,8.851830601
48113001703,8.850693989
48113001705,8.85015847
48113001801,8.853606557
48113001802,8.848448087
48113001901,8.858027322
48113001902,8.851502732
48113002001,8.825303279
48113002002,8.830661202
48113002100,8.841803279
48113002200,8.844568306
48113002400,8.836978142
48113002500,8.83145082
48113002703,8.826491803
48113003102,8.840423497
48113003103,8.839688525
48113003700,8.819453552
48113004201,8.836685792
48113004202,8.834527322
48113004300,8.836120219
48113004400,8.835688525
48113004500,8.845598361
48113004600,8.839612022
48113004700,8.833415301
48113004800,8.820868852
48113005000,8.832289617
48113005100,8.832051913
48113005200,8.840598361
48113005300,8.837131148
48113005400,8.819915301
48113005500,8.809172131
48113005600,8.821972678
48113005700,8.809874317
48113005901,8.822879781
48113005902,8.822991803
48113006001,8.82426776
48113006002,8.82157377
48113006100,8.828579235
48113006200,8.830311475
48113006301,8.83113388
48113006302,8.832136612
48113006401,8.833748634
48113006402,8.842557377
48113006501,8.849306011
48113006502,8.845713115
48113006701,8.854420765
48113006702,8.847103825
48113006800,8.84092623
48113006900,8.842412568
48113007101,8.862196721
48113007102,8.85395082
48113007203,8.882909836
48113007204,8.886655738
48113007205,8.886120219
48113007206,8.880786885
48113007301,8.876855191
48113007302,8.872401639
48113007601,8.912800546
48113007604,8.914912568
48113007605,8.916680328
48113007701,8.894387978
48113007702,8.900346995
48113007801,8.891021858
48113007805,8.916980874
48113007809,8.883595628
48113007810,8.916885246
48113007812,8.900775956
48113007815,8.902601093
48113007819,8.895428962
48113007821,8.898412568
48113007822,8.90036612
48113007823,8.913002732
48113007824,8.897740437
48113007825,8.90873224
48113007826,8.89129235
48113007827,8.896431694
48113007828,8.931218579
48113007829,8.934497268
48113007830,8.891606557
48113007831,8.884513661
48113007832,8.889989071
48113007833,8.887584699
48113007834,8.910303279
48113007835,8.906666667
48113007902,8.869081967
48113007903,8.871336066
48113007906,8.883248634
48113007909,8.880964481
48113007910,8.870571038
48113007912,8.888060109
48113007913,8.874562842
48113007914,8.871081967
48113007915,8.878396175
48113007916,8.882628415
48113008000,8.85681694
48113008101,8.851699454
48113008102,8.845516393
48113008200,8.850336066
48113008401,8.809770492
48113008402,8.817592896
48113008500,8.80936612
48113008604,8.80584153
48113008701,8.787377049
48113008703,8.798510929
48113008704,8.80492623
48113008705,8.79152459
48113008801,8.808054645
48113008802,8.809128415
48113009001,8.795185792
48113009002,8.776581967
48113009101,8.795213115
48113009103,8.788773224
48113009104,8.78318306
48113009105,8.776420765
48113009202,8.7625
48113009203,8.767084699
48113009204,8.762289617
48113009301,8.769054645
48113009303,8.778639344
48113009304,8.764710383
48113009401,8.894245902
48113009402,8.892532787
48113009500,8.912081967
48113009603,8.940718579
48113009604,8.94907377
48113009605,8.942696721
48113009607,8.931256831
48113009608,8.945032787
48113009609,8.937830601
48113009610,8.941213115
48113009611,8.934139344
48113009701,8.920071038
48113009702,8.920587432
48113009802,8.889125683
48113009803,8.909243169
48113009804,8.900773224
48113009900,8.921601093
48113010001,8.825122951
48113010002,8.838437158
48113010003,8.823595628
48113010101,8.839969945
48113010102,8.834265027
48113010500,8.852579235
48113010601,8.862806011
48113010602,8.871357923
48113010701,8.864278689
48113010704,8.862122951
48113010804,8.834357923
48113010805,8.840295082
48113010806,8.835762295
48113010807,8.840308743
48113010808,8.855177596
48113010809,8.849210383
48113010903,8.82668306
48113010904,8.826669399
48113010905,8.816953552
48113010906,8.812122951
48113011002,8.817191257
48113011003,8.820161202
48113011004,8.828281421
48113011101,8.807784153
48113011103,8.80402459
48113011104,8.801830601
48113011105,8.791915301
48113011201,8.785797814
48113011202,8.81352459
48113011300,8.795325137
48113011401,8.780510929
48113011500,8.794964481
48113011601,8.75463388
48113011603,8.740642077
48113011604,8.71920765
48113011701,8.741836066
48113011702,8.714734973
48113011801,8.738295082
48113011802,8.755013661
48113011901,8.752300546
48113011902,8.752508197
48113012000,8.775032787
48113012101,8.782057377
48113012102,8.797838798
48113012206,8.823822404
48113012207,8.814248634
48113012208,8.834513661
48113012209,8.840584699
48113012210,8.833396175
48113012211,8.826885246
48113012212,8.829057377
48113012213,8.834027322
48113012301,8.836715847
48113012302,8.831027322
48113012400,8.843967213
48113012501,8.828795082
48113012502,8.841262295
48113012601,8.855314208
48113012603,8.840256831
48113012604,8.837374317
48113012701,8.860101093
48113012702,8.848584699
48113012801,8.872491803
48113012802,8.863672131
48113012900,8.867215847
48113013005,8.889655738
48113013007,8.881103825
48113013008,8.897721311
48113013009,8.899994536
48113013010,8.871218579
48113013011,8.89192623
48113013012,8.887076503
48113013013,8.883437158
48113013101,8.927423497
48113013102,8.912046448
48113013104,8.906128415
48113013106,8.916830601
48113013107,8.913530055
48113013201,8.940702186
48113013202,8.934915301
48113013300,8.932967213
48113013400,8.935532787
48113013500,8.924368852
48113013605,8.99018306
48113013606,8.972844262
48113013607,8.97181694
48113013608,8.950986339
48113013609,8.968513661
48113013610,8.956393443
48113013611,8.990989071
48113013615,8.958980874
48113013617,8.990685792
48113013618,8.991005464
48113013619,8.986937158
48113013620,8.974920765
48113013621,8.980907104
48113013622,8.972896175
48113013624,8.970396175
48113013625,8.969983607
48113013626,8.957538251
48113013627,8.991090164
48113013628,8.971775956
48113013629,8.969459016
48113013630,8.964027322
48113013631,8.960150273
48113013715,8.977724044
48113013716,8.983472678
48113013717,8.980363388
48113013718,8.983846995
48113013719,8.989046448
48113013720,8.990532787
48113013721,8.984822404
48113013722,8.997674863
48113013725,8.984303279
48113013726,8.974412568
48113013727,8.981084699
48113013728,8.967519126
48113013729,8.974090164
48113013804,8.943172131
48113013805,8.958221311
48113013806,8.964040984
48113013807,8.958986339
48113013808,8.974644809
48113013901,8.964877049
48113013902,8.959833333
48113014001,8.94981694
48113014002,8.974795082
48113014119,8.973150273
48113014120,8.983259563
48113014121,8.976562842
48113014123,8.97754918
48113014124,8.969852459
48113014126,8.965502732
48113014128,8.973956284
48113014130,8.970603825
48113014132,8.979560109
48113014134,8.975650273
48113014135,8.969374317
48113014138,8.961442623
48113014139,8.955538251
48113014140,8.958218579
48113014141,8.978502732
48113014142,8.970721311
48113014143,8.960672131
48113014144,8.95539071
48113014145,8.961344262
48113014146,8.958322404
48113014147,8.969614754
48113014148,8.962297814
48113014149,8.966969945
48113014150,8.973909836
48113014151,8.964784153
48113014152,8.963224044
48113014153,8.960371585
48113014154,8.956775956
48113014155,8.977204918
48113014156,8.971939891
48113014157,8.975702186
48113014158,8.961325137
48113014159,8.967702186
48113014160,8.963997268
48113014161,8.96589071
48113014203,8.928125683
48113014204,8.913532787
48113014205,8.93202459
48113014207,8.945797814
48113014208,8.93036612
48113014209,8.931928962
48113014306,8.953538251
48113014308,8.930959016
48113014309,8.958139344
48113014310,8.946437158
48113014313,8.942453552
48113014314,8.940915301
48113014315,8.933371585
48113014316,8.940745902
48113014317,8.930887978
48113014318,8.94245082
48113014319,8.957751366
48113014320,8.959180328
48113014405,8.941010929
48113014406,8.939106557
48113014407,8.955166667
48113014408,8.952855191
48113014409,8.967412568
48113014410,8.955234973
48113014501,8.936057377
48113014502,8.92273224
48113014601,8.920467213
48113014602,8.908081967
48113014603,8.918327869
48113014701,8.907868852
48113014704,8.897199454
48113014903,8.910418033
48113015001,8.910461749
48113015002,8.907680328
48113015101,8.905459016
48113015102,8.912885246
48113015202,8.93360929
48113015205,8.924396175
48113015206,8.923243169
48113015207,8.92660929
48113015208,8.928653005
48113015303,8.961122951
48113015304,8.936502732
48113015305,8.936912568
48113015306,8.932775956
48113015403,8.937505464
48113015404,8.941964481
48113015405,8.949762295
48113015406,8.947180328
48113015500,8.92595082
48113015600,8.922147541
48113015700,8.910289617
48113015900,8.903469945
48113016001,8.922803279
48113016002,8.916931694
48113016100,8.92720765
48113016201,8.913636612
48113016203,8.91165847
48113016204,8.904710383
48113016301,8.893691257
48113016302,8.900797814
48113016406,8.903786885
48113016407,8.898715847
48113016409,8.877185792
48113016410,8.893713115
48113016412,8.86529235
48113016414,8.885319672
48113016415,8.864103825
48113016416,8.839928962
48113016417,8.869147541
48113016418,8.911128415
48113016419,8.900642077
48113016420,8.896027322
48113016421,8.89334153
48113016511,8.820461749
48113016513,8.82718306
48113016516,8.829081967
48113016517,8.816122951
48113016518,8.831218579
48113016519,8.837740437
48113016521,8.863196721
48113016522,8.810754098
48113016524,8.784655738
48113016525,8.788478142
48113016526,8.835448087
48113016527,8.843106557
48113016528,8.853210383
48113016529,8.822327869
48113016530,8.804879781
48113016531,8.820647541
48113016532,8.808849727
48113016533,8.862199454
48113016534,8.84715847
48113016535,8.845349727
48113016536,8.831237705
48113016607,8.816961749
48113016610,8.774650273
48113016615,8.774180328
48113016616,8.770095628
48113016617,8.792532787
48113016618,8.776081967
48113016619,8.77965847
48113016620,8.771439891
48113016621,8.75618306
48113016622,8.740726776
48113016623,8.752289617
48113016624,8.779144809
48113016626,8.787595628
48113016627,8.760863388
48113016628,8.761437158
48113016629,8.797147541
48113016630,8.792193989
48113016631,8.779969945
48113016632,8.76470765
48113016633,8.777789617
48113016634,8.795734973
48113016635,8.814295082
48113016636,8.811942623
48113016637,8.810964481
48113016638,8.803016393
48113016704,8.752601093
48113016706,8.736420765
48113016707,8.75339071
48113016708,8.759737705
48113016709,8.756469945
48113016710,8.76252459
48113016711,8.775314208
48113016802,8.714273224
48113016803,8.726005464
48113016805,8.751363388
48113016806,8.74897541
48113016902,8.715032787
48113016903,8.608448087
48113017005,8.634054645
48113017006,8.53536612
48113017007,8.62581694
48113017008,8.613726776
48113017009,8.652907104
48113017010,8.648874317
48113017101,8.680352459
48113017102,8.672896175
48113017201,8.725330601
48113017203,8.715759563
48113017204,8.69752459
48113017307,8.706994536
48113017308,8.701918033
48113017309,8.678743169
48113017310,8.679557377
48113017311,8.730270492
48113017312,8.715147541
48113017313,8.66270765
48113017314,8.687554645
48113017315,8.696830601
48113017400,8.727827869
48113017500,8.740546448
48113017602,8.777576503
48113017604,8.736983607
48113017605,8.769243169
48113017606,8.758978142
48113017703,8.776666667
48113017704,8.765964481
48113017705,8.762907104
48113017706,8.742945355
48113017805,8.802363388
48113017806,8.820887978
48113017808,8.79318306
48113017811,8.789896175
48113017812,8.804188525
48113017814,8.775259563
48113017815,8.796991803
48113017816,8.805431694
48113017817,8.796251366
48113017818,8.792363388
48113017819,8.803909836
48113017820,8.811636612
48113017900,8.82231694
48113018001,8.832412568
48113018002,8.817412568
48113018105,8.869806011
48113018110,8.828734973
48113018111,8.836382514
48113018120,8.84802459
48113018121,8.851480874
48113018126,8.834032787
48113018127,8.839254098
48113018128,8.810898907
48113018129,8.80957377
48113018130,8.815969945
48113018132,8.781174863
48113018133,8.812325137
48113018134,8.769125683
48113018135,8.768098361
48113018137,8.778972678
48113018138,8.793248634
48113018140,8.812948087
48113018141,8.755084699
48113018142,8.758068306
48113018143,8.797696721
48113018144,8.769210383
48113018145,8.79473224
48113018146,8.810013661
48113018147,8.808617486
48113018148,8.810663934
48113018149,8.78079235
48113018150,8.789467213
48113018151,8.874680328
48113018152,8.877122951
48113018153,8.862986339
48113018154,8.845751366
48113018155,8.812221311
48113018156,8.832827869
48113018157,8.832398907
48113018158,8.719404372
48113018159,8.749669399
48113018203,8.84739071
48113018204,8.859144809
48113018205,8.844098361
48113018206,8.850486339
48113018300,8.867786885
48113018401,8.865663934
48113018402,8.856568306
48113018403,8.853934426
48113018501,8.889008197
48113018505,8.91734153
48113018506,8.900278689
48113018507,8.917153005
48113018508,8.909811475
48113018600,8.884557377
48113018700,8.871153005
48113018801,8.883557377
48113018802,8.884508197
48113018900,8.90031694
48113019013,8.907581967
48113019016,8.930188525
48113019018,8.925535519
48113019019,8.920013661
48113019020,8.919196721
48113019023,8.933907104
48113019024,8.924038251
48113019025,8.894530055
48113019026,8.891740437
48113019027,8.92113388
48113019028,8.930461749
48113019029,8.92379235
48113019031,8.947177596
48113019032,8.93010929
48113019033,8.917057377
48113019034,8.928786885
48113019035,8.922642077
48113019036,8.959516393
48113019037,8.94018306
48113019039,8.941579235
48113019040,8.944551913
48113019041,8.938084699
48113019042,8.925437158
48113019044,8.927677596
48113019045,8.921721311
48113019046,8.910289617
48113019047,8.91129235
48113019048,8.907590164
48113019049,8.914868852
48113019050,8.909360656
48113019051,8.88231694
48113019052,8.970448087
48113019053,8.958915301
48113019101,8.955445355
48113019102,8.957751366
48113019202,8.956756831
48113019203,8.962136612
48113019205,8.98507377
48113019208,8.946464481
48113019210,8.972240437
48113019211,8.960540984
48113019212,8.945016393
48113019213,8.951584699
48113019214,8.960784153
48113019215,8.972584699
48113019216,8.961636612
48113019301,8.881959016
48113019302,8.868931694
48113019400,8.876590164
48113019501,8.877289617
48113019502,8.866469945
48113019600,8.864027322
48113019700,8.859874317
48113019800,8.858418033
48113019900,8.852617486
48113020000,8.955729508
48113020100,8.878663934
48113020200,8.762308743
48113020300,8.828751366
48113020401,8.842844262
48113020402,8.83597541
48113020500,8.838092896
48113020600,8.896743169
48113020700,8.983352459
48113020800,8.822038251
48113020900,8.828338798
48113021000,8.822863388
48113021100,8.815120219
48113021200,8.886
48113980000,8.971407104
48113980100,8.855650273
48113980200,8.982754098
48121020109,8.901994536
48121020110,8.897718579
48121020111,8.919642077
48121020112,8.900893443
48121020115,8.812554645
48121020116,8.661486339
48121020117,8.590483607
48121020118,8.52620765
48121020119,8.86657377
48121020120,8.885172131
48121020121,8.649721311
48121020122,8.755953552
48121020123,8.749101093
48121020124,8.80592623
48121020125,8.815532787
48121020126,8.85665847
48121020127,8.878601093
48121020128,8.841229508
48121020129,8.672147541
48121020130,8.777737705
48121020131,8.712019126
48121020132,8.886338798
48121020133,8.860289617
48121020134,8.853726776
48121020135,8.821674863
48121020136,8.813956284
48121020137,8.807254098
48121020203,8.409218579
48121020204,8.337893443
48121020205,8.504445355
48121020206,8.270420765
48121020207,8.327387978
48121020208,8.280918033
48121020305,8.840434426
48121020310,8.395199454
48121020311,8.816254098
48121020312,8.772677596
48121020313,8.39236612
48121020314,8.530453552
48121020315,8.705896175
48121020316,8.588502732
48121020317,8.633685792
48121020318,8.506737705
48121020319,8.606672131
48121020320,8.692295082
48121020321,8.782718579
48121020322,8.735254098
48121020402,8.382674863
48121020403,8.400439891
48121020404,8.383838798
48121020405,8.314855191
48121020504,8.44439071
48121020505,8.489863388
48121020506,8.548822404
48121020507,8.452229508
48121020508,8.451095628
48121020601,8.471185792
48121020603,8.48936612
48121020604,8.512352459
48121020605,8.543680328
48121020700,8.418281421
48121020800,8.391942623
48121020900,8.418330601
48121021000,8.442459016
48121021100,8.460502732
48121021202,8.510494536
48121021203,8.542789617
48121021204,8.588008197
48121021301,8.48947541
48121021304,8.534795082
48121021305,8.537516393
48121021306,8.584535519
48121021307,8.611603825
48121021410,8.766393443
48121021411,8.850442623
48121021412,8.728166667
48121021413,8.761349727
48121021414,8.632398907
48121021415,8.635868852
48121021416,8.649606557
48121021417,8.665997268
48121021418,8.661721311
48121021419,8.709245902
48121021420,8.70739071
48121021421,8.735778689
48121021422,8.584229508
48121021423,8.633349727
48121021502,8.905360656
48121021505,8.867221311
48121021512,8.706882514
48121021513,8.824778689
48121021514,8.815980874
48121021516,8.947942623
48121021517,8.953644809
48121021518,8.965010929
48121021520,8.974374317
48121021521,8.973743169
48121021522,8.960431694
48121021526,8.937956284
48121021528,8.935494536
48121021529,8.913860656
48121021530,8.986191257
48121021531,8.981877049
48121021532,8.990625683
48121021533,8.976581967
48121021534,8.930478142
48121021535,8.924453552
48121021536,8.904289617
48121021537,8.891502732
48121021538,8.960710383
48121021539,8.937032787
48121021540,8.951237705
48121021611,8.995180328
48121021612,9.000554645
48121021613,8.998803279
48121021614,8.99718306
48121021615,8.991368852
48121021616,9.000595628
48121021618,8.92134153
48121021619,8.966543716
48121021620,8.989737705
48121021621,9.00063388
48121021622,8.996770492
48121021626,8.999699454
48121021630,8.993530055
48121021631,8.996172131
48121021632,9.003286885
48121021633,9.002122951
48121021634,9.000379781
48121021635,9.008614754
48121021637,9.005497268
48121021638,8.994565574
48121021639,8.996439891
48121021640,8.995969945
48121021641,9.000877049
48121021642,9.00181694
48121021643,8.995745902
48121021644,8.993653005
48121021645,8.96657377
48121021646,8.981254098
48121021647,9.009204918
48121021648,9.001871585
48121021649,8.993983607
48121021650,8.989691257
48121021651,9.001297814
48121021652,8.986931694
48121021653,8.990259563
48121021654,8.983270492
48121021655,8.989448087
48121021715,8.876612022
48121021716,8.902379781
48121021717,8.886229508
48121021719,8.774289617
48121021720,8.853912568
48121021721,8.866437158
48121021722,8.880210383
48121021723,8.920781421
48121021724,8.904519126
48121021725,8.896562842
48121021726,8.925969945
48121021727,8.937754098
48121021728,8.956396175
48121021729,8.930532787
48121021730,8.9395
48121021731,8.944773224
48121021732,8.952478142
48121021733,8.959893443
48121021734,8.961726776
48121021735,8.965281421
48121021736,8.961800546
48121021737,8.963579235
48121021738,8.98123224
48121021739,8.961081967
48121021740,8.941734973
48121021741,8.928472678
48121021742,8.913530055
48121021743,8.90597541
48121021744,8.925079235
48121021745,8.930494536
48121021746,8.804259563
48121021748,8.852374317
48121021749,8.815784153
48121021750,8.863229508
48121021751,8.869019126
48121021752,8.884502732
48121021754,8.69986612
48121021755,8.727601093
48121021756,8.923461749
48121021757,8.89976776
48121021758,8.837844262
48121021759,8.86826776
48121021800,8.999005464
48121021900,8.981754098
48139060103,8.619068306
48139060104,8.512688525
48139060105,8.431169399
48139060106,8.551625683
48139060206,8.704284153
48139060207,8.678680328
48139060209,8.694745902
48139060211,8.627527322
48139060212,8.631857923
48139060215,8.707357923
48139060216,8.746669399
48139060217,8.566210383
48139060218,8.643486339
48139060219,8.674311475
48139060220,8.709404372
48139060221,8.725013661
48139060300,8.571513661
48139060400,8.521953552
48139060500,8.559092896
48139060601,8.593363388
48139060602,8.59079235
48139060702,8.721248634
48139060704,8.742338798
48139060801,8.643554645
48139060802,8.624715847
48139060803,8.693819672
48139060900,8.482691257
48139061000,8.339095628
48139061100,8.444650273
48139061200,8.310308743
48139061300,8.402448087
48139061401,8.386262295
48139061402,8.400699454
48139061500,8.332677596
48139061600,8.354005464
48139061700,8.284169399
48231960100,8.259196721
48231960200,8.340046448
48231960300,8.39739071
48231960400,8.306729508
48231960500,8.219412568
48231960600,8.228855191
48231960700,8.19036612
48231960800,8.318825137
48231960900,8.306325137
48231961000,8.277497268
48231961101,8.23454918
48231961102,8.216713115
48231961200,8.265628415
48231961300,8.294202186
48231961401,8.353666667
48231961402,8.400540984
48231961501,8.330721311
48231961502,8.347038251
48231961503,8.21397541
48231961600,8.174598361
48231961700,8.153008197
48251130100,8.327882514
48251130205,8.674560109
48251130210,8.53010929
48251130211,8.588581967
48251130212,8.525540984
48251130213,8.472090164
48251130214,8.545120219
48251130215,8.604062842
48251130216,8.657653005
48251130217,8.648770492
48251130218,8.665226776
48251130219,8.62204918
48251130220,8.67370765
48251130221,8.638191257
48251130222,8.653688525
48251130302,8.432180328
48251130303,8.463696721
48251130304,8.465448087
48251130405,8.708565574
48251130406,8.652155738
48251130411,8.655185792
48251130412,8.665254098
48251130413,8.529401639
48251130414,8.468519126
48251130415,8.535385246
48251130416,8.602877049
48251130417,8.52592623
48251130418,8.758286885
48251130419,8.718128415
48251130501,8.41754918
48251130502,8.339513661
48251130602,8.168822404
48251130603,8.340030055
48251130604,8.174901639
48251130700,8.411071038
48251130800,8.428825137
48251130900,8.428306011
48251131000,8.375756831
48251131100,8.388893443
48257050204,8.565688525
48257050207,8.675153005
48257050208,8.65415847
48257050209,8.601275956
48257050210,8.607726776
48257050211,8.544754098
48257050212,8.523538251
48257050213,8.565874317
48257050214,8.610068306
48257050215,8.593508197
48257050300,8.445920765
48257050401,8.368857923
48257050402,8.408016393
48257050500,8.414581967
48257050601,8.373811475
48257050602,8.239797814
48257050701,8.416404372
48257050703,8.163934426
48257050704,8.230191257
48257050801,8.359412568
48257050802,8.387112022
48257051000,8.304997268
48257051100,8.298210383
48257051201,8.136680328
48257051202,8.215521858
48257051301,8.084636612
48257051302,8.145765027
48367140101,8.206060109
48367140102,8.150786885
48367140201,8.121117486
48367140202,8.164139344
48367140300,8.086912568
48367140403,8.243060109
48367140408,8.460131148
48367140409,8.353245902
48367140410,8.127751366
48367140411,8.224945355
48367140412,8.445448087
48367140413,8.412844262
48367140414,8.502144809
48367140415,8.309459016
48367140416,8.445262295
48367140502,7.833601093
48367140503,8.084420765
48367140504,7.963836066
48367140601,7.875043716
48367140603,7.919625683
48367140604,8.179193989
48367140707,8.414013661
48367140708,8.253256831
48367140709,8.37534153
48367140710,8.342065574
48367140711,8.283928962
48367140712,8.300191257
48367140713,8.511010929
48367140714,8.42407377
48397040101,8.710685792
48397040103,8.697510929
48397040104,8.743377049
48397040201,8.633721311
48397040202,8.662125683
48397040203,8.66720765
48397040301,8.738161202
48397040303,8.697762295
48397040304,8.675076503
48397040305,8.648363388
48397040403,8.55697541
48397040404,8.583631148
48397040405,8.513721311
48397040406,8.560224044
48397040407,8.590704918
48397040408,8.574019126
48397040409,8.513491803
48397040410,8.494404372
48397040411,8.46152459
48397040412,8.461431694
48397040503,8.654456284
48397040507,8.670237705
48397040508,8.603379781
48397040509,8.519797814
48397040510,8.709032787
48397040511,8.700325137
48397040512,8.640693989
48397040513,8.576554645
48397040514,8.475551913
48439100101,9.035177596
48439100102,9.035076503
48439100201,9.061456284
48439100202,9.04963388
48439100300,9.038090164
48439100401,9.022101093
48439100402,9.007218579
48439100503,8.991363388
48439100504,8.96684153
48439100505,8.976967213
48439100506,9.012568306
48439100601,8.763915301
48439100602,8.872486339
48439100700,8.95476776
48439100800,8.998185792
48439100900,9.024322404
48439101201,9.011434426
48439101202,9.007852459
48439101301,8.983967213
48439101302,8.966650273
48439101401,8.993737705
48439101402,8.980464481
48439101403,8.980554645
48439101500,8.985724044
48439101700,8.987308743
48439102000,8.952221311
48439102101,8.948120219
48439102102,8.961702186
48439102201,8.912153005
48439102202,8.89092623
48439102301,8.798128415
48439102302,8.768822404
48439102401,8.827398907
48439102402,8.791784153
48439102500,8.846751366
48439102601,8.863
48439102602,8.892202186
48439102700,8.917677596
48439103500,8.962016393
48439103601,8.962702186
48439103602,8.96320765
48439103701,8.952803279
48439103702,8.951278689
48439103800,8.933480874
48439104100,8.918592896
48439104202,8.842122951
48439104203,8.87026776
48439104204,8.889650273
48439104301,8.869579235
48439104302,8.904218579
48439104400,8.890762295
48439104502,8.895811475
48439104503,8.876300546
48439104504,8.883920765
48439104505,8.910846995
48439104601,8.933603825
48439104602,8.916795082
48439104603,8.890210383
48439104604,8.927046448
48439104605,8.898215847
48439104701,8.860893443
48439104702,8.825265027
48439104802,8.816226776
48439104803,8.863655738
48439104804,8.840715847
48439104900,9.048874317
48439105007,9.017060109
48439105008,9.015226776
48439105009,9.04710929
48439105201,8.76884153
48439105203,8.744300546
48439105204,8.734278689
48439105206,8.744989071
48439105207,8.753489071
48439105403,8.863781421
48439105404,8.81323224
48439105405,8.820136612
48439105407,8.798614754
48439105408,8.785901639
48439105502,8.771606557
48439105503,8.750461749
48439105505,8.776169399
48439105511,8.7375
48439105512,8.744185792
48439105513,8.755188525
48439105514,8.772795082
48439105515,8.720161202
48439105516,8.713803279
48439105517,8.741076503
48439105518,8.721005464
48439105519,8.748434426
48439105520,8.715398907
48439105600,8.811038251
48439105701,8.788636612
48439105703,8.770333333
48439105705,8.757672131
48439105706,8.762898907
48439105800,8.80186612
48439105901,8.844357923
48439105902,8.864172131
48439106002,8.81573224
48439106004,8.800322404
48439106005,8.795092896
48439106006,8.771838798
48439106101,8.914303279
48439106102,8.890281421
48439106201,8.92773224
48439106202,8.933489071
48439106300,8.951770492
48439106400,8.936265027
48439106502,8.994256831
48439106503,8.993923497
48439106507,8.999702186
48439106509,9.00434153
48439106512,8.989019126
48439106513,8.980803279
48439106514,8.991601093
48439106515,9.004398907
48439106518,8.973196721
48439106519,9.003396175
48439106520,9.007081967
48439106521,8.99502459
48439106522,8.998754098
48439106523,8.978538251
48439106524,8.995245902
48439106525,9.014601093
48439106526,9.007614754
48439106600,8.892778689
48439106700,8.821262295
48439110102,9.03134153
48439110103,9.027581967
48439110104,9.028778689
48439110202,9.043270492
48439110204,9.030896175
48439110205,9.02023224
48439110206,9.013510929
48439110301,9.022398907
48439110302,9.02902459
48439110401,8.878745902
48439110402,8.945112022
48439110500,8.932584699
48439110600,8.871510929
48439110703,8.763415301
48439110704,8.801281421
48439110705,8.794745902
48439110706,8.78104918
48439110805,8.722516393
48439110806,8.634030055
48439110807,8.650631148
48439110808,8.599240437
48439110809,8.634352459
48439110901,8.736256831
48439110903,8.785655738
48439110905,8.730483607
48439110906,8.643836066
48439110907,8.675453552
48439111003,8.782666667
48439111010,8.569964481
48439111015,8.691057377
48439111018,8.62145082
48439111019,8.754846995
48439111020,8.750685792
48439111021,8.699122951
48439111022,8.663560109
48439111023,8.713702186
48439111024,8.714863388
48439111025,8.74589071
48439111026,8.73645082
48439111027,8.739994536
48439111028,8.717229508
48439111029,8.697800546
48439111030,8.691478142
48439111031,8.674639344
48439111032,8.701628415
48439111033,8.677546448
48439111102,8.848161202
48439111103,8.874262295
48439111104,8.877412568
48439111202,8.804978142
48439111203,8.758521858
48439111204,8.726174863
48439111304,8.81873224
48439111306,8.76660929
48439111307,8.791811475
48439111308,8.785699454
48439111309,8.767595628
48439111311,8.820915301
48439111312,8.79186612
48439111314,8.776401639
48439111315,8.821174863
48439111316,8.844174863
48439111317,8.760653005
48439111318,8.789740437
48439111319,8.803434426
48439111320,8.798505464
48439111402,8.872215847
48439111405,8.835751366
48439111406,8.813177596
48439111407,8.857163934
48439111408,8.829486339
48439111409,8.866136612
48439111410,8.892010929
48439111411,8.864355191
48439111505,8.95879235
48439111506,8.955467213
48439111513,8.900502732
48439111514,8.904579235
48439111516,8.901748634
48439111522,8.932857923
48439111525,8.92018306
48439111526,8.949576503
48439111529,8.938125683
48439111530,8.903352459
48439111531,8.906185792
48439111532,8.884551913
48439111533,8.886814208
48439111534,8.884748634
48439111536,8.922590164
48439111538,8.896278689
48439111540,8.901811475
48439111541,8.894647541
48439111542,8.870188525
48439111543,8.875303279
48439111544,8.863396175
48439111545,8.929901639
48439111546,8.920532787
48439111551,8.826467213
48439111552,8.933579235
48439111553,8.918797814
48439111554,8.889576503
48439111555,8.880349727
48439111556,8.933915301
48439111557,8.935724044
48439111558,8.939270492
48439111559,8.929672131
48439111560,8.868084699
48439111561,8.87284153
48439111562,8.861273224
48439111563,8.863844262
48439111564,8.845489071
48439111565,8.81281694
48439111566,8.827330601
48439111567,8.845360656
48439111568,8.848092896
48439111569,8.922010929
48439111570,8.926986339
48439111571,8.913669399
48439111572,8.909483607
48439113003,8.966855191
48439113004,8.95695082
48439113005,8.955571038
48439113006,8.940248634
48439113007,8.931325137
48439113102,8.989147541
48439113104,8.973991803
48439113107,8.980494536
48439113108,8.993724044
48439113109,8.968948087
48439113110,8.971155738
48439113112,8.982584699
48439113115,8.966740437
48439113116,8.975934426
48439113117,8.97995082
48439113118,8.976598361
48439113119,8.98626776
48439113120,8.982330601
48439113121,8.98176776
48439113122,8.973765027
48439113206,9.023617486
48439113207,8.981254098
48439113210,8.988688525
48439113212,9.018969945
48439113213,9.015407104
48439113214,8.999387978
48439113215,9.002718579
48439113216,9.009131148
48439113217,9.016822404
48439113218,8.995196721
48439113221,9.007237705
48439113222,9.009991803
48439113223,9.008994536
48439113301,9.021221311
48439113302,9.023112022
48439113403,9.003721311
48439113404,9.015669399
48439113407,8.998355191
48439113408,9.008595628
48439113409,9.010972678
48439113410,9.01489071
48439113509,8.989256831
48439113510,8.985122951
48439113511,8.991590164
48439113512,8.99418306
48439113513,8.980904372
48439113514,8.996636612
48439113516,8.985874317
48439113517,8.985527322
48439113519,8.986530055
48439113520,8.981846995
48439113521,8.98076776
48439113522,8.979142077
48439113607,9.005057377
48439113611,8.992057377
48439113612,8.996467213
48439113613,9.002065574
48439113618,9.001800546
48439113619,8.998081967
48439113622,8.989756831
48439113623,8.990224044
48439113624,8.987877049
48439113625,8.991297814
48439113626,8.994439891
48439113628,8.990125683
48439113629,8.997377049
48439113630,8.993789617
48439113632,8.970256831
48439113633,8.981795082
48439113634,8.976743169
48439113635,8.968631148
48439113636,8.969674863
48439113637,8.993169399
48439113638,8.990655738
48439113639,8.981010929
48439113640,8.959281421
48439113707,8.926166667
48439113709,8.978734973
48439113710,8.939019126
48439113711,8.952060109
48439113712,8.969833333
48439113713,8.953166667
48439113714,8.940855191
48439113715,8.954016393
48439113716,8.952680328
48439113803,8.981169399
48439113808,8.994076503
48439113809,9.004898907
48439113810,9.011021858
48439113811,9.019166667
48439113812,8.961243169
48439113813,8.969617486
48439113814,8.97507377
48439113815,8.952920765
48439113816,8.939030055
48439113906,8.912002732
48439113908,8.942398907
48439113912,8.928636612
48439113916,8.990404372
48439113917,9.004737705
48439113918,8.990185792
48439113919,8.980445355
48439113920,8.981948087
48439113923,8.976385246
48439113924,8.974284153
48439113925,8.988691257
48439113930,8.959734973
48439113931,8.934724044
48439113932,8.819644809
48439113933,8.89968306
48439113934,8.907270492
48439113935,8.915407104
48439113936,8.943054645
48439113937,8.944355191
48439113938,8.950825137
48439113939,8.873622951
48439113940,8.849849727
48439113941,8.822486339
48439113942,8.848836066
48439113943,8.85370765
48439113944,8.879961749
48439113945,8.888994536
48439113946,8.965213115
48439113947,8.946016393
48439113948,8.95295082
48439113949,8.935076503
48439113950,8.921478142
48439113951,8.923576503
48439113952,8.911928962
48439113953,8.86602459
48439113954,8.872021858
48439113955,8.894379781
48439113956,8.923081967
48439113957,8.949355191
48439113958,8.949456284
48439114003,8.965486339
48439114006,8.957445355
48439114009,8.874978142
48439114010,8.927439891
48439114011,8.898120219
48439114012,8.868937158
48439114013,8.969819672
48439114014,8.921142077
48439114015,8.949180328
48439114105,8.639669399
48439114106,8.787620219
48439114107,8.761918033
48439114108,8.726177596
48439114109,8.894898907
48439114110,8.807928962
48439114111,8.779038251
48439114112,8.687489071
48439114113,8.734224044
48439114203,8.535622951
48439114204,8.605319672
48439114205,8.598278689
48439114206,8.653461749
48439114207,8.676437158
48439121605,8.97779235
48439121606,8.956778689
48439121608,8.941071038
48439121609,8.929691257
48439121610,8.925163934
48439121611,8.90342623
48439121612,8.971418033
48439121613,8.970098361
48439121614,8.971702186
48439121615,8.973923497
48439121702,8.964071038
48439121703,8.971155738
48439121704,8.965562842
48439121904,8.938740437
48439121905,8.943256831
48439121906,8.943885246
48439121907,8.934486339
48439121908,8.938614754
48439122001,8.946852459
48439122002,8.949420765
48439122100,8.962494536
48439122200,8.963909836
48439122300,8.965691257
48439122401,8.960639344
48439122402,8.964172131
48439122500,8.961647541
48439122600,8.960986339
48439122701,8.95789071
48439122702,8.960245902
48439122801,8.944907104
48439122802,8.954284153
48439122901,8.946885246
48439122902,8.944136612
48439123001,8.83829235
48439123002,8.858655738
48439123100,8.960983607
48439123200,9.016789617
48439123301,8.961215847
48439123302,8.977202186
48439123500,8.937442623
48439123600,8.934040984
48439123700,8.931418033
48439980000,8.977379781
Grand Total,8.831556509
